organoid_id	batch	clone	donor	Gene1	Gene2	Gene3	Gene4	Gene5	Gene6	Gene7	Gene8
Organoid001	Batch16	Clone32	Donor13	21.88529	30.74224	18.49736	15.25977	29.54574	27.03209	16.98858	32.25044
Organoid002	Batch16	Clone34	Donor13	21.89152	28.50605	19.11512	15.08179	28.59296	25.96716	16.41167	26.74259
Organoid003	Batch16	Clone35	Donor13	21.87853	30.15407	18.08858	15.07104	28.84508	26.74122	17.51716	31.73743
Organoid004	Batch16	Clone38	Donor14	21.68321	31.27373	19.55177	14.74305	29.19585	26.7267	18.00265	33.79955
Organoid005	Batch16	Clone36	Donor13	23.6008	30.36293	18.67999	17.94527	31.74991	30.38791	17.53866	32.85957
Organoid006	Batch16	Clone37	Donor13	23.70592	30.81096	19.67231	18.07863	30.84652	27.48686	17.0064	30.2847
Organoid007	Batch16	Clone40	Donor14	21.58722	31.09239	17.25837	14.96602	29.15522	26.81888	17.51391	32.08902
Organoid008	Batch16	Clone42	Donor14	21.38717	26.03491	20.62005	14.54093	27.47981	23.59035	17.4756	25.59518
Organoid009	Batch16	Clone01	Donor01	21.32385	30.29415	23.60854	14.63367	29.50794	22.61963	16.74043	24.99456
Organoid010	Batch16	Clone03	Donor01	21.60975	27.56057	27.01543	15.33317	26.19494	26.91308	23.43021	28.48778
Organoid011	Batch16	Clone49	Donor16	21.76086	29.24098	27.73131	15.04231	28.32494	23.09043	16.34255	23.81045
Organoid012	Batch16	Clone50	Donor17	21.31632	25.29998	24.94321	14.53574	28.73669	22.18435	16.3283	22.38209
Organoid013	Batch16	Clone53	Donor18	21.48646	26.48344	20.95929	14.77164	27.80073	23.69998	16.83851	25.52117
Organoid014	Batch16	Clone54	Donor18	22.16888	30.23451	19.14656	15.18053	29.14892	26.70118	16.61675	29.96876
Organoid015	Batch16	Clone32	Donor13	21.82309	31.18193	17.59119	15.49707	30.22155	27.33137	17.35625	33.42767
Organoid016	Batch16	Clone34	Donor13	21.66026	30.83692	18.6607	14.7149	28.70139	25.60616	15.95658	28.81193
Organoid017	Batch16	Clone38	Donor14	22.81621	31.82757	19.09671	16.7483	31.8167	28.70215	18.25889	37.4138
Organoid018	Batch16	Clone36	Donor13	21.68226	32.80354	19.14432	15.24835	28.91553	26.11787	16.53147	28.88181
Organoid019	Batch16	Clone37	Donor13	21.95082	32.30726	19.6311	15.29146	28.41956	24.72469	16.38104	28.7301
Organoid020	Batch16	Clone40	Donor14	21.56413	30.62576	17.70418	14.67887	29.65146	26.6055	17.30979	32.6755
Organoid021	Batch16	Clone01	Donor01	21.6671	30.60523	20.433	15.12977	29.07533	23.83868	16.30751	26.56051
Organoid022	Batch16	Clone03	Donor01	21.55572	27.15545	25.80674	15.18377	26.24359	25.95824	22.2575	27.43234
Organoid023	Batch16	Clone49	Donor16	21.329	29.40946	27.95782	14.75853	27.91558	23.33039	16.02996	24.56174
Organoid024	Batch16	Clone50	Donor17	21.54349	25.78039	25.12032	14.81786	28.84364	22.21005	16.5778	22.79116
Organoid025	Batch16	Clone53	Donor18	23.40386	32.30221	19.13858	17.9312	31.59372	28.75134	18.79071	35.10535
Organoid026	Batch16	Clone33	Donor13	22.88233	31.1468	18.53399	17.24575	31.08266	27.98136	17.51623	31.59001
Organoid027	Batch16	Clone34	Donor13	21.66831	31.08507	18.6839	14.51024	29.44151	25.18624	17.21821	30.11205
Organoid028	Batch16	Clone35	Donor13	22.57571	31.71498	17.9478	16.26005	29.89927	28.78211	17.95852	32.8746
Organoid029	Batch16	Clone38	Donor14	22.15084	31.38304	18.58645	15.20648	30.62065	27.94582	18.59725	34.6028
Organoid030	Batch16	Clone03	Donor01	21.25122	26.46367	25.17476	14.73798	25.74979	24.71706	20.94007	26.7252
Organoid031	Batch16	Clone49	Donor16	23.99019	31.09249	28.63811	18.07765	31.6076	25.92891	17.60039	27.46735
Organoid032	Batch16	Clone50	Donor17	22.90518	27.04474	25.55178	16.50308	31.78135	23.64199	17.04919	23.97485
Organoid033	Batch16	Clone53	Donor18	23.70953	31.80663	18.09392	17.77878	31.39394	29.83674	18.24205	34.84091
Organoid034	Batch16	Clone54	Donor18	21.96117	30.88791	18.69311	15.16783	29.78388	27.47236	16.4762	31.7991
Organoid035	Batch16	Clone36	Donor13	21.71544	32.1545	18.89318	15.21531	29.25559	27.1566	16.28581	30.35241
Organoid036	Batch16	Clone37	Donor13	21.72534	30.64837	20.08361	14.80498	28.56268	23.61251	15.99568	27.13897
Organoid037	Batch16	Clone40	Donor14	21.91201	31.56636	17.49931	14.81664	29.78403	26.81753	17.69249	32.87183
Organoid038	Batch16	Clone42	Donor14	22.37282	26.03404	21.42386	15.32342	29.7881	26.11002	18.32813	25.64924
Organoid039	Batch16	Clone01	Donor01	23.77915	30.28985	21.8122	17.73587	33.25552	25.40402	17.46319	27.93397
Organoid040	Batch17	Clone50	Donor17	21.78199	24.51128	24.87884	14.4698	29.79483	22.85808	16.53818	22.42624
Organoid041	Batch17	Clone58	Donor21	22.12764	26.93205	24.92892	14.629	26.55972	25.41462	21.12392	26.19999
Organoid042	Batch17	Clone28	Donor11	22.2215	31.83826	26.91808	14.60475	31.1381	30.38062	19.33637	31.85051
Organoid043	Batch17	Clone19	Donor08	22.20465	29.90501	18.01295	15.02463	30.73534	28.79022	17.10003	35.09208
Organoid044	Batch17	Clone13	Donor06	21.87503	29.25818	22.5546	15.60071	32.61969	23.79856	17.13751	24.18829
Organoid045	Batch17	Clone14	Donor06	22.00462	28.98131	22.41685	14.96752	29.94044	23.17909	16.5814	24.62626
Organoid046	Batch17	Clone20	Donor08	22.57947	31.69548	18.81897	15.85256	31.37896	29.24563	17.70412	32.84976
Organoid047	Batch17	Clone21	Donor08	21.52579	29.52763	24.00666	14.9721	30.94034	25.14797	19.36443	26.44398
Organoid048	Batch17	Clone29	Donor11	21.42493	30.83459	19.33858	14.83202	32.11546	27.61272	18.87875	32.98546
Organoid049	Batch17	Clone30	Donor11	21.60139	32.25868	29.10141	15.31904	37.68804	32.91609	20.8875	36.012249999999995
Organoid050	Batch17	Clone49	Donor16	21.74483	28.32041	29.23372	15.09688	26.90361	21.45046	15.91386	22.38796
Organoid051	Batch17	Clone50	Donor17	21.6101	25.53915	23.65808	14.84043	29.68654	22.461	17.00215	23.01764
Organoid052	Batch17	Clone58	Donor21	22.19737	27.48776	25.49513	14.93886	28.60267	25.65934	21.53578	26.08553
Organoid053	Batch17	Clone28	Donor11	22.11627	31.41268	28.82132	15.34614	36.57789	31.9366	19.47892	31.70776
Organoid054	Batch17	Clone19	Donor08	21.61153	31.58425	17.92227	14.91654	32.19507	28.37144	17.55685	34.55355
Organoid055	Batch17	Clone13	Donor06	21.25915	28.51199	27.80497	14.56352	32.12318	22.84787	18.31595	23.24048
Organoid056	Batch17	Clone14	Donor06	21.80411	28.15015	21.77704	14.72777	29.52502	23.02246	16.15764	24.34147
Organoid057	Batch17	Clone15	Donor06	21.99588	26.25235	31.39327	14.84608	30.99514	23.60321	21.45256	23.32298
Organoid058	Batch17	Clone20	Donor08	22.72446	31.14509	18.95097	15.80145	31.28601	29.34091	17.69971	33.95651
Organoid059	Batch17	Clone21	Donor08	21.55636	30.03874	25.42976	14.98185	30.68038	26.78224	19.91235	28.24672
Organoid060	Batch17	Clone29	Donor11	21.41212	32.22852	19.4955	14.83719	31.25844	27.46881	18.21803	31.17107
Organoid061	Batch17	Clone30	Donor11	21.16961	29.50599	27.73875	14.90386	35.76203	30.1327	19.95598	34.89525
Organoid062	Batch17	Clone49	Donor16	21.54973	27.05503	28.98059	15.20417	26.8328	21.62027	16.16057	22.4322
Organoid063	Batch17	Clone58	Donor21	22.46164	26.64265	26.35501	15.34624	27.96843	26.18049	22.1411	26.86255
Organoid064	Batch17	Clone28	Donor11	21.57703	31.25608	26.67544	14.88711	31.97429	29.82371	19.42144	29.93026
Organoid065	Batch17	Clone19	Donor08	21.82082	31.28601	17.73686	15.2144	31.93235	28.57379	17.9699	36.847705000000005
Organoid066	Batch17	Clone13	Donor06	21.39469	29.83703	25.74325	14.69644	32.53002	22.78486	17.55329	23.64144
Organoid067	Batch17	Clone14	Donor06	21.75527	29.2567	25.42995	14.58026	30.27268	22.84764	17.99066	24.06444
Organoid068	Batch17	Clone15	Donor06	21.96341	26.70181	29.87916	14.91907	31.10025	23.35227	21.3478	23.29725
Organoid069	Batch17	Clone20	Donor08	22.40133	32.06315	18.66232	15.47012	31.00219	28.48681	17.28271	34.64946
Organoid070	Batch17	Clone21	Donor08	21.75663	29.29173	24.29751	15.47396	30.56106	25.50217	19.65684	26.27359
Organoid071	Batch17	Clone29	Donor11	21.60235	31.31899	19.31452	14.89139	32.47297	28.08119	18.77929	37.50799
Organoid072	Batch01	Clone56	Donor19	21.76625	31.94801	20.51513	15.1547	31.39902	24.6797	16.61176	30.3308
Organoid073	Batch01	Clone57	Donor20	22.17841	33.94576	17.50755	15.66623	33.29641	29.49122	18.30241	33.71833
Organoid074	Batch01	Clone58	Donor21	22.74581	30.79002	17.88887	16.0397	35.34593	28.7404	17.85679	33.925585
Organoid075	Batch01	Clone52	Donor18	21.79328	31.68016	20.7463	14.85044	30.75067	24.321	15.60999	27.58178
Organoid076	Batch01	Clone55	Donor18	21.76885	29.87534	28.77125	14.86077	29.86623	22.6332	18.75777	25.40743
Organoid077	Batch01	Clone43	Donor14	21.83843	32.21764	29.20281	14.84834	32.92687	28.13414	21.17287	30.11905
Organoid078	Batch01	Clone05	Donor01	22.59571	32.89656	20.67659	15.80386	30.2239	26.97981	17.60811	31.20279
Organoid079	Batch01	Clone06	Donor01	21.9249	29.51067	21.88444	15.39102	31.61562	26.25819	17.92186	28.24719
Organoid080	Batch01	Clone31	Donor12	21.76624	32.06012	29.95679	15.21478	30.97832	21.20345	16.38202	23.342
Organoid081	Batch01	Clone56	Donor19	21.85338	32.89562	20.74243	15.11403	29.80112	24.90521	16.46522	28.85664
Organoid082	Batch01	Clone57	Donor20	21.90975	32.8771	17.22371	15.3441	33.14622	28.28217	18.02028	32.39796
Organoid083	Batch01	Clone50	Donor17	22.42573	32.3555	18.00158	15.80465	32.79007	29.5899	18.49188	33.95091
Organoid084	Batch01	Clone52	Donor18	21.82208	29.30625	19.98636	14.79562	30.73215	26.36317	16.05092	27.32228
Organoid085	Batch01	Clone55	Donor18	21.86748	33.09457	22.02868	15.16974	29.5793	22.5511	16.14725	27.17644
Organoid086	Batch01	Clone43	Donor14	21.64683	32.17347	30.27781	14.83146	33.1127	30.18649	20.91191	31.87802
Organoid087	Batch01	Clone05	Donor01	22.04249	30.57818	21.63948	15.24657	31.19368	26.9321	18.11826	30.80393
Organoid088	Batch01	Clone06	Donor01	21.99394	30.75846	21.66739	15.28652	32.35491	27.85319	17.38636	28.76976
Organoid089	Batch01	Clone31	Donor12	21.92975	31.37593	27.28812	15.48835	32.42548	22.28305	16.47302	24.53495
Organoid090	Batch01	Clone57	Donor20	22.20062	32.25569	17.41824	15.41446	33.1399	28.7504	18.11276	32.38971
Organoid091	Batch01	Clone58	Donor21	22.43995	32.16497	18.34309	15.86338	32.77252	29.71598	17.81704	33.14373
Organoid092	Batch01	Clone55	Donor18	21.75822	31.58129	27.73379	14.7115	30.97858	21.9981	18.04969	25.69843
Organoid093	Batch01	Clone43	Donor14	21.84735	33.99993	29.88663	15.04069	38.00889	32.69962	21.75413	34.177915
Organoid094	Batch01	Clone05	Donor01	21.98958	31.38574	21.51218	15.25509	31.13547	27.34033	17.98162	30.52185
Organoid095	Batch01	Clone06	Donor01	22.11123	30.57688	22.67234	15.2417	32.91048	27.89454	18.79953	31.44155
Organoid096	Batch02	Clone17	Donor07	21.99003	27.73314	23.45013	15.09641	33.71267	23.87361	16.76231	24.08772
Organoid097	Batch02	Clone18	Donor07	22.7469	29.07613	28.53994	16.80192	31.23148	29.86297	23.94754	31.55372
Organoid098	Batch02	Clone27	Donor10	21.76914	31.992539999999998	30.55257	15.32761	34.14015	32.67384	18.67844	35.09827
Organoid099	Batch02	Clone22	Donor09	22.75729	32.29031	18.3911	16.45716	33.79819	30.63606	18.49666	35.49623
Organoid100	Batch02	Clone23	Donor09	22.34963	28.77056	18.25076	15.39674	33.99799	27.93856	17.99266	29.59548
Organoid101	Batch02	Clone07	Donor02	22.27123	32.45046	20.41789	16.57543	34.66359	30.88194	19.52288	36.62161
Organoid102	Batch02	Clone08	Donor03	21.87038	31.40883	28.91914	15.00004	33.49753	21.86666	17.27631	24.53995
Organoid103	Batch02	Clone09	Donor04	22.2972	33.447964999999996	20.62871	15.58503	31.50872	28.85319	16.27666	29.82374
Organoid104	Batch02	Clone25	Donor10	22.32864	30.70332	25.68985	15.69274	35.29741	29.67659	21.05527	32.13076
Organoid105	Batch02	Clone26	Donor10	22.46437	37.58009	18.9907	15.60881	32.45759	26.55708	16.85483	30.76373
Organoid106	Batch02	Clone16	Donor07	21.87005	28.29844	25.88883	15.16543	30.78886	26.29942	20.52829	27.13474
Organoid107	Batch02	Clone17	Donor07	21.80076	27.00808	24.43426	14.96922	32.67208	22.81341	17.27121	23.88692
Organoid108	Batch02	Clone18	Donor07	22.72396	29.21078	28.5055	16.94822	31.97792	29.50063	24.39593	30.68442
Organoid109	Batch02	Clone22	Donor09	22.56419	32.067930000000004	17.9423	15.9413	33.84552	29.4057	18.13149	36.130430000000004
Organoid110	Batch02	Clone23	Donor09	22.55094	33.04753	18.12215	15.72509	32.87108	28.16797	18.42834	32.77871
Organoid111	Batch02	Clone24	Donor09	22.92513	32.91475	18.44553	16.41663	34.31568	30.92202	18.4059	35.91202
Organoid112	Batch02	Clone07	Donor02	22.61568	30.81233	17.99147	16.27157	32.93921	30.8558	18.35043	36.85848
Organoid113	Batch02	Clone08	Donor03	21.84875	31.38365	28.88792	14.87599	33.18708	21.58204	17.12903	24.19443
Organoid114	Batch02	Clone09	Donor04	21.75426	33.90951	21.72154	15.71615	31.30587	27.72631	16.29788	29.52151
Organoid115	Batch02	Clone25	Donor10	22.54286	31.10236	25.26302	16.30242	33.22614	30.49013	21.33732	30.97495
Organoid116	Batch02	Clone26	Donor10	22.18057	27.77892	19.23972	15.39431	31.86416	26.19523	16.96751	27.25595
Organoid117	Batch02	Clone17	Donor07	21.80817	27.05789	23.19171	14.99686	32.12695	23.42348	17.29099	24.42738
Organoid118	Batch02	Clone18	Donor07	22.14778	28.41171	28.25174	16.73237	29.65518	28.94372	24.16744	31.26218
Organoid119	Batch02	Clone27	Donor10	21.80128	32.96812	30.53677	15.72267	32.84395	33.63846	19.46858	39.04186
Organoid120	Batch02	Clone23	Donor09	22.65143	28.49314	18.31034	15.86406	33.25465	27.81132	18.05106	28.70568
Organoid121	Batch02	Clone24	Donor09	22.30939	29.9478	19.6134	15.31674	33.32247	28.49826	17.46429	29.70204
Organoid122	Batch02	Clone08	Donor03	21.3188	32.23502	29.31626	14.77104	32.49677	21.71852	18.31727	25.40553
Organoid123	Batch02	Clone09	Donor04	22.66791	32.463675	22.55064	15.98459	31.00691	23.95254	16.37086	24.71674
Organoid124	Batch02	Clone25	Donor10	22.81746	31.26405	25.75229	16.46093	33.92434	32.00301	21.84736	36.87984
Organoid125	Batch02	Clone26	Donor10	22.35806	26.88386	19.23193	15.54979	31.47026	26.02449	17.0923	27.77022
Organoid126	Batch03	Clone31	Donor12	22.74832	31.2481	28.96012	16.38087	31.09777	23.22568	17.26762	24.59588
Organoid127	Batch03	Clone49	Donor16	23.10613	31.28807	25.82652	16.80082	31.58232	24.40804	17.76594	25.09165
Organoid128	Batch03	Clone57	Donor20	22.55012	31.48207	20.58113	15.88374	31.38325	23.43269	17.23479	26.21105
Organoid129	Batch03	Clone32	Donor13	22.81261	32.50062	17.38123	16.51872	31.29521	29.36368	18.98081	32.07151
Organoid130	Batch03	Clone33	Donor13	22.82824	32.08634	17.56908	16.35567	30.82159	27.726	19.09888	32.69363
Organoid131	Batch03	Clone34	Donor13	22.51827	28.64689	23.14056	14.35647	29.38147	24.91736	18.28262	27.5227
Organoid132	Batch03	Clone36	Donor13	22.76929	31.84322	20.15661	16.42317	30.84944	23.79995	17.06163	25.9743
Organoid133	Batch03	Clone37	Donor13	21.64334	32.1855	24.99023	14.93756	30.2165	22.08607	17.66274	24.87332
Organoid134	Batch03	Clone44	Donor15	23.20086	32.6741	21.89883	16.6453	31.11998	24.11312	17.44233	26.29708
Organoid135	Batch03	Clone46	Donor15	22.99758	28.57598	20.97856	16.52686	30.59929	27.37077	17.58694	26.27409
Organoid136	Batch03	Clone47	Donor15	22.38838	31.95353	28.57094	15.53557	30.83877	23.57593	17.66898	24.41767
Organoid137	Batch03	Clone48	Donor15	22.63158	29.33351	27.53262	16.08118	28.26404	28.37173	22.81642	28.84522
Organoid138	Batch03	Clone49	Donor16	22.74241	31.80964	27.98572	16.16367	31.08672	23.30352	17.16876	24.45413
Organoid139	Batch03	Clone56	Donor19	22.45227	32.69911	20.42833	15.73714	30.78789	27.94904	18.53772	33.52386
Organoid140	Batch03	Clone57	Donor20	22.7212	31.86021	21.33686	15.94401	32.45192	23.76312	18.05812	26.12685
Organoid141	Batch03	Clone33	Donor13	22.88371	33.37337	17.27569	16.81477	30.47969	29.25218	19.33165	33.2477
Organoid142	Batch03	Clone34	Donor13	22.17188	29.32414	22.37623	14.20474	28.40515	24.17218	18.25199	26.32103
Organoid143	Batch03	Clone36	Donor13	22.96204	33.09759	19.17322	16.8756	30.77187	26.9013	16.45813	29.83431
Organoid144	Batch03	Clone37	Donor13	23.23268	31.70362	19.31249	17.07025	30.9528	24.79254	16.74026	28.28423
Organoid145	Batch03	Clone44	Donor15	22.76812	32.464725	20.47596	16.32857	30.11527	24.83739	16.53228	26.93973
Organoid146	Batch03	Clone45	Donor15	22.57653	32.73606	24.13498	15.72401	30.61149	24.7312	18.39154	26.04608
Organoid147	Batch03	Clone46	Donor15	22.67022	27.77617	21.22074	16.32338	28.76193	26.45033	16.76402	26.11408
Organoid148	Batch03	Clone47	Donor15	22.37614	32.02328	31.33516	15.60545	31.109	24.63021	19.69842	25.55373
Organoid149	Batch03	Clone48	Donor15	21.46589	30.68748	28.16934	15.28319	27.97343	28.24878	21.99924	29.72571
Organoid150	Batch03	Clone31	Donor12	22.95204	31.8548	28.32286	16.94628	31.10363	23.5668	17.46767	24.66802
Organoid151	Batch03	Clone49	Donor16	22.44252	31.82868	26.83028	16.02317	30.51702	23.28546	17.02103	23.74861
Organoid152	Batch03	Clone56	Donor19	22.43272	32.1275	19.19613	15.93751	30.78382	27.77043	18.3015	36.606505
Organoid153	Batch03	Clone57	Donor20	22.3906	32.0262	20.93852	15.87117	32.57835	23.57912	17.93696	26.47067
Organoid154	Batch03	Clone44	Donor15	22.75881	32.36105	21.25379	16.22881	30.25214	24.31436	16.61619	26.39602
Organoid155	Batch03	Clone45	Donor15	21.64487	31.34744	27.55278	14.7047	29.4711	24.1569	18.07186	24.12084
Organoid156	Batch03	Clone46	Donor15	21.7299	28.30284	20.26606	14.9935	27.84737	25.90586	16.39808	26.76602
Organoid157	Batch03	Clone47	Donor15	21.43917	32.05603	25.61956	14.56789	29.56379	22.74038	17.4115	23.52906
Organoid158	Batch03	Clone48	Donor15	21.56467	29.64045	30.55426	15.08183	26.97904	27.01997	22.63331	27.42227
Organoid159	Batch03	Clone33	Donor13	21.92151	32.43406	17.25864	15.10633	30.89692	27.31035	18.61905	31.39446
Organoid160	Batch03	Clone34	Donor13	22.13282	31.42008	22.2075	13.84149	28.38097	23.44168	18.70503	27.33992
Organoid161	Batch03	Clone37	Donor13	21.96059	32.99274	18.40561	15.27436	30.0937	25.60073	15.97747	28.44019
Organoid162	Batch04	Clone26	Donor10	21.46504	29.04838	20.08044	14.89689	28.32434	24.54567	16.23253	25.51267
Organoid163	Batch04	Clone16	Donor07	21.28986	31.61132	29.49901	14.90136	29.39083	31.98902	19.9252	34.86749
Organoid164	Batch04	Clone17	Donor07	20.99208	25.67001	31.67535	14.40388	27.64506	20.32718	16.91494	21.23279
Organoid165	Batch04	Clone18	Donor07	21.16689	28.43648	27.81843	14.65022	29.67924	32.64292	19.86702	31.87826
Organoid166	Batch04	Clone27	Donor10	21.32284	34.01492	30.49301	14.36763	29.96698	31.81811	18.14601	33.93923
Organoid167	Batch04	Clone23	Donor09	21.64126	28.32061	17.61794	14.8996	30.30788	27.33366	17.92654	28.90359
Organoid168	Batch04	Clone24	Donor09	21.8427	31.84423	17.81493	15.25602	30.93356	28.932	17.98458	34.72781
Organoid169	Batch04	Clone07	Donor02	21.50061	32.09963	19.81985	15.00639	29.93608	26.31198	17.31556	28.4963
Organoid170	Batch04	Clone08	Donor03	21.44556	29.35808	21.22375	14.83506	30.30784	23.11831	16.70163	24.71376
Organoid171	Batch04	Clone09	Donor04	21.77846	33.1709	19.20938	15.27056	30.25098	28.39063	17.51307	32.56685
Organoid172	Batch04	Clone25	Donor10	21.47058	28.56868	20.90363	14.70802	29.36009	26.3205	17.7037	28.49447
Organoid173	Batch04	Clone26	Donor10	21.22821	28.63242	21.546	14.74091	27.74717	23.891	17.38785	24.12246
Organoid174	Batch04	Clone16	Donor07	21.32017	31.03618	29.46553	15.01965	30.26551	32.20898	20.08984	36.57375
Organoid175	Batch04	Clone17	Donor07	21.28362	25.61383	28.89608	14.72333	27.77598	20.75908	16.83592	21.78014
Organoid176	Batch04	Clone18	Donor07	21.12826	28.24536	28.00563	14.19981	30.2385	30.47123	19.40896	29.79417
Organoid177	Batch04	Clone27	Donor10	21.05638	33.29029	31.21277	14.54252	30.64165	31.68025	18.53018	34.826570000000004
Organoid178	Batch04	Clone22	Donor09	21.64648	27.26463	18.73166	14.98542	29.27032	27.43412	17.16035	27.64445
Organoid179	Batch04	Clone23	Donor09	21.69527	26.13291	18.76571	14.90503	29.56584	25.32528	16.95644	25.48365
Organoid180	Batch04	Clone07	Donor02	21.52629	32.63373	18.96257	15.06302	30.59661	28.63562	17.75824	33.59399
Organoid181	Batch04	Clone08	Donor03	20.98414	29.53219	21.02335	14.44568	29.17382	22.41239	17.01577	23.73663
Organoid182	Batch04	Clone09	Donor04	21.25901	33.161829999999995	19.31892	15.11797	29.92509	27.52769	17.10134	30.40829
Organoid183	Batch04	Clone26	Donor10	21.28679	28.66651	24.69073	14.91351	26.76081	23.71763	18.96277	25.41479
Organoid184	Batch04	Clone16	Donor07	21.16037	29.43729	27.15812	14.7772	29.94647	28.50489	20.23341	28.97726
Organoid185	Batch04	Clone18	Donor07	21.35447	29.20727	27.88669	14.72166	30.94826	28.92754	19.56631	28.19908
Organoid186	Batch04	Clone22	Donor09	21.71259	28.6849	17.98536	15.15551	30.17173	26.90767	17.25273	27.76696
Organoid187	Batch04	Clone23	Donor09	21.49774	27.79031	18.48946	14.71413	30.21107	25.43728	17.19846	27.55173
Organoid188	Batch04	Clone07	Donor02	21.67165	34.62495	18.43725	15.10836	30.11434	28.81368	17.84579	32.93939
Organoid189	Batch04	Clone08	Donor03	21.19721	29.25014	21.71077	14.65421	28.93945	22.2379	17.289	23.01152
Organoid190	Batch04	Clone09	Donor04	21.22967	31.05468	19.7375	14.69254	28.73158	25.3163	16.32065	28.32274
Organoid191	Batch05	Clone33	Donor13	23.24317	31.9203	17.75083	16.48537	30.1397	26.15301	20.05521	33.43605
Organoid192	Batch05	Clone34	Donor13	22.54222	33.03471	23.3169	14.85384	29.7555	25.99579	19.59677	32.10935
Organoid193	Batch05	Clone35	Donor13	22.6517	33.18873	17.37267	16.56071	30.79606	27.83152	18.54714	31.33544
Organoid194	Batch05	Clone36	Donor13	23.59186	32.32169	19.48092	17.63027	31.86586	26.38345	16.89752	29.41302
Organoid195	Batch05	Clone37	Donor13	22.84892	28.07653	18.59001	16.63322	31.32793	25.47859	17.31831	26.11785
Organoid196	Batch05	Clone01	Donor01	22.62368	31.51137	28.67977	16.10239	31.61318	23.9991	18.59954	26.1345
Organoid197	Batch05	Clone02	Donor01	23.2701	32.05043	19.64188	17.2128	30.74997	27.16112	17.20841	30.1278
Organoid198	Batch05	Clone05	Donor01	22.91166	30.9984	22.77687	16.64433	30.64819	24.09086	16.96439	27.91051
Organoid199	Batch05	Clone06	Donor01	22.77279	26.86938	23.51522	16.84224	30.46957	25.30458	19.48877	25.75103
Organoid200	Batch05	Clone31	Donor12	23.62462	34.09343	27.52798	17.77027	31.22432	25.50341	17.93874	26.4257
Organoid201	Batch05	Clone49	Donor16	23.59537	31.96755	28.65188	17.78913	31.19762	25.66272	17.59276	25.64638
Organoid202	Batch05	Clone57	Donor20	23.34534	31.5624	20.44664	17.1788	31.39905	24.58406	17.80284	26.97248
Organoid203	Batch05	Clone32	Donor13	24.15236	32.49186	18.07764	18.52607	33.27125	30.96789	19.89332	33.49229
Organoid204	Batch05	Clone33	Donor13	23.54628	31.75694	17.66312	17.46707	30.47536	28.50908	19.91651	33.58899
Organoid205	Batch05	Clone34	Donor13	22.25525	32.15547	21.89061	14.54469	29.11096	24.64582	18.51089	29.09275
Organoid206	Batch05	Clone35	Donor13	23.20438	32.35084	17.77293	16.78642	30.60151	27.80286	19.21749	33.91845
Organoid207	Batch05	Clone36	Donor13	24.47282	34.30044	19.82325	18.83025	32.46533	27.80796	17.58124	30.9078
Organoid208	Batch05	Clone37	Donor13	24.4908	32.87794	19.08668	18.8449	32.72662	27.76231	17.98844	30.12933
Organoid209	Batch05	Clone01	Donor01	22.23753	31.35852	28.21727	15.81583	31.11807	24.13688	18.82399	25.93184
Organoid210	Batch05	Clone02	Donor01	23.99947	31.07111	19.83299	18.05618	32.72754	28.47729	18.95353	31.52151
Organoid211	Batch05	Clone03	Donor01	23.34662	32.49375	29.95942	17.06756	31.6249	33.40844	20.66988	36.793189999999996
Organoid212	Batch05	Clone04	Donor01	23.98554	33.04568	21.57932	17.9998	30.6263	25.40348	17.21562	28.35668
Organoid213	Batch05	Clone05	Donor01	22.33962	30.4296	20.74893	15.78193	29.62686	27.25523	17.52458	29.23531
Organoid214	Batch05	Clone06	Donor01	22.62532	27.27147	23.8808	15.96157	29.61121	25.64593	19.84074	25.93016
Organoid215	Batch05	Clone31	Donor12	23.79515	31.32164	30.68063	17.92995	30.63845	24.88845	17.65165	24.79169
Organoid216	Batch05	Clone57	Donor20	23.43594	31.0942	20.16213	17.08128	32.02954	24.89123	17.60266	26.47201
Organoid217	Batch05	Clone32	Donor13	24.63659	32.82513	18.46962	18.74677	32.4054	30.71237	19.61434	34.15363
Organoid218	Batch05	Clone33	Donor13	23.95642	30.71816	17.97419	17.72539	31.57074	28.25784	20.25156	34.51694
Organoid219	Batch05	Clone34	Donor13	24.08607	32.76915	28.38075	18.09112	31.58807	26.15269	17.88583	26.18226
Organoid220	Batch05	Clone35	Donor13	23.1892	31.40791	29.83416	16.94419	30.20955	24.19666	17.18219	24.4201
Organoid221	Batch05	Clone36	Donor13	23.33733	33.52735	20.18538	17.09695	31.45833	24.13924	17.48687	26.64718
Organoid222	Batch05	Clone37	Donor13	24.85537	32.92066	19.23718	19.06338	32.1805	28.14121	17.99124	29.84242
Organoid223	Batch05	Clone06	Donor01	22.61503	27.31971	22.11287	15.91133	30.3559	25.52955	19.00505	25.82657
Organoid224	Batch05	Clone31	Donor12	23.43802	31.23114	19.91798	17.1915	31.62871	26.59381	17.23267	28.70892
Organoid225	Batch05	Clone49	Donor16	23.43961	33.418994999999995	30.22771	17.04533	31.81068	33.44218	20.19524	34.59665
Organoid226	Batch05	Clone57	Donor20	24.3218	32.762005	21.10873	17.91394	31.27324	29.7675	17.54524	31.66579
Organoid227	Batch05	Clone32	Donor13	23.3431	29.73716	21.57665	16.68509	32.22482	28.24567	18.36878	30.80901
Organoid228	Batch06	Clone07	Donor02	21.93182	31.34838	19.75422	15.23179	29.77748	26.94415	16.90135	27.19022
Organoid229	Batch06	Clone08	Donor03	21.61171	30.07359	29.58451	15.35395	27.44861	22.69266	16.43078	23.1566
Organoid230	Batch06	Clone09	Donor04	21.30951	26.24411	31.6908	14.75771	30.40424	22.49986	19.35372	21.82044
Organoid231	Batch06	Clone13	Donor06	21.83218	29.43025	19.64822	14.94523	29.20092	26.98365	16.51917	27.41478
Organoid232	Batch06	Clone15	Donor06	21.44827	31.82486	32.34946	14.55075	30.60305	23.20593	18.45272	24.04208
Organoid233	Batch06	Clone20	Donor08	21.49918	30.28439	22.28143	14.89179	27.75493	25.15445	18.83252	24.86231
Organoid234	Batch06	Clone21	Donor08	21.46404	30.36946	27.07038	15.36723	27.79123	27.59361	19.90592	29.57132
Organoid235	Batch06	Clone07	Donor02	21.77038	31.89645	18.42504	15.62219	30.63923	27.83046	17.68468	31.46307
Organoid236	Batch06	Clone08	Donor03	21.57117	30.72829	29.42244	15.07772	27.64277	23.11657	16.36464	23.89725
Organoid237	Batch06	Clone09	Donor04	21.41026	25.07964	32.2694	14.57389	30.34438	23.38529	20.90679	22.10422
Organoid238	Batch06	Clone13	Donor06	21.81805	28.74546	20.79667	14.89229	28.47422	25.11133	15.92555	25.23355
Organoid239	Batch06	Clone14	Donor06	21.51654	29.91375	23.08341	15.05053	28.89969	23.43149	16.78083	24.39093
Organoid240	Batch06	Clone15	Donor06	21.4427	30.07558	30.71853	14.64381	30.68464	22.91119	18.54113	23.54201
Organoid241	Batch06	Clone20	Donor08	21.63387	30.64197	23.4289	15.12881	28.06846	25.62417	19.10802	25.49569
Organoid242	Batch06	Clone21	Donor08	21.57341	29.53698	26.307	15.43238	26.86803	26.58748	21.26155	27.6978
Organoid243	Batch06	Clone22	Donor09	21.88105	28.87167	19.25427	15.50061	30.65721	28.11178	17.34713	28.835
Organoid244	Batch06	Clone23	Donor09	21.36654	32.36446	18.17614	14.82871	30.64294	26.42197	17.92735	31.91616
Organoid245	Batch06	Clone07	Donor02	21.75073	33.63326	19.42468	15.62615	30.24803	27.84912	17.62494	31.16198
Organoid246	Batch06	Clone08	Donor03	21.46629	29.4985	30.54171	15.00521	27.41834	22.52617	16.39383	23.25188
Organoid247	Batch06	Clone09	Donor04	21.55096	24.93306	31.83447	14.47953	31.25541	23.93979	21.47904	22.4977
Organoid248	Batch06	Clone19	Donor08	21.96951	33.20541	18.59891	15.48159	30.88794	26.36531	16.81338	28.4249
Organoid249	Batch06	Clone13	Donor06	21.74096	29.77748	18.42019	15.25003	29.73823	26.80234	17.47714	28.97221
Organoid250	Batch06	Clone14	Donor06	21.81181	29.2776	22.16981	14.9728	29.47374	23.39337	16.14833	24.24941
Organoid251	Batch06	Clone15	Donor06	21.40458	30.67051	32.40452	14.58962	31.49165	24.44093	19.56046	25.32798
Organoid252	Batch06	Clone20	Donor08	21.19878	30.3565	22.8315	15.033	28.18032	24.92252	18.94513	24.89588
Organoid253	Batch06	Clone21	Donor08	21.74059	29.65862	26.90586	15.31462	28.50341	27.24655	19.65942	28.45433
Organoid254	Batch06	Clone22	Donor09	22.16795	32.33104	18.78246	15.48311	31.50555	29.77294	17.70077	33.1472
Organoid255	Batch07	Clone19	Donor08	24.74266	31.28031	19.94371	18.44761	31.72261	29.32115	18.20297	29.72307
Organoid256	Batch07	Clone13	Donor06	21.97574	27.83632	19.75351	15.49251	29.58323	26.43015	17.78244	27.44099
Organoid257	Batch07	Clone14	Donor06	21.70237	28.80376	26.98834	15.48778	29.40644	22.93008	17.73507	23.3989
Organoid258	Batch07	Clone15	Donor06	21.52649	29.97299	20.90168	15.34252	28.98346	21.59848	17.28305	24.86682
Organoid259	Batch07	Clone20	Donor08	21.64412	33.01276	30.76823	15.19614	33.58473	36.07336	19.59934	35.701015
Organoid260	Batch07	Clone21	Donor08	21.43712	31.55513	28.32617	15.33931	29.79047	31.29329	19.31855	33.64866
Organoid261	Batch07	Clone16	Donor07	21.80756	30.9191	30.21927	15.64728	30.9305	33.84246	21.27557	34.959685
Organoid262	Batch07	Clone17	Donor07	21.658	28.63065	29.11834	15.99957	27.4149	29.1041	23.11864	31.9496
Organoid263	Batch07	Clone18	Donor07	21.42901	29.09134	27.84147	15.05279	30.56261	28.50152	20.16731	30.05572
Organoid264	Batch07	Clone07	Donor02	21.7255	31.40843	17.13461	15.84059	31.01135	28.72174	18.05122	33.52014
Organoid265	Batch07	Clone08	Donor03	21.7668	30.16527	25.9021	15.7664	28.63669	23.82418	17.11305	25.1662
Organoid266	Batch07	Clone09	Donor04	21.29992	26.5817	26.18221	14.90861	28.10489	22.21654	19.11228	23.63602
Organoid267	Batch07	Clone19	Donor08	22.56419	33.6202	18.5804	16.47082	29.93511	27.60845	16.62823	30.85699
Organoid268	Batch07	Clone13	Donor06	21.64297	28.54544	19.96573	15.5595	28.20717	27.69814	18.61508	28.80676
Organoid269	Batch07	Clone14	Donor06	21.75097	28.82162	26.31902	15.48701	29.14068	22.83791	17.93048	23.85021
Organoid270	Batch07	Clone15	Donor06	21.35414	32.11261	26.77945	14.96949	29.79701	22.15283	18.20541	26.19382
Organoid271	Batch07	Clone20	Donor08	21.41391	33.056695000000005	30.64656	15.03585	33.12001	33.08189	19.15561	35.056735
Organoid272	Batch07	Clone21	Donor08	22.53209	31.51821	28.75047	16.13706	31.17675	32.12689	19.7668	34.54207
Organoid273	Batch07	Clone17	Donor07	21.59438	28.21511	29.44164	16.03715	27.31438	28.59244	23.79257	31.58658
Organoid274	Batch07	Clone18	Donor07	21.86488	29.81002	28.79912	15.62075	31.14748	31.87394	20.57619	31.92497
Organoid275	Batch07	Clone07	Donor02	22.46195	32.429024999999996	18.52218	16.45795	31.66704	29.35388	18.91442	32.94041
Organoid276	Batch07	Clone08	Donor03	21.6044	29.92399	26.14109	15.38517	28.46219	23.34841	17.04527	24.68591
Organoid277	Batch07	Clone09	Donor04	21.8153	26.22054	26.90798	15.03584	29.83546	22.51861	19.54325	23.48382
Organoid278	Batch07	Clone19	Donor08	22.22126	28.03703	19.63761	15.85956	28.67539	25.96182	16.15945	24.67917
Organoid279	Batch07	Clone13	Donor06	22.11677	26.92797	19.20796	15.4409	28.85477	26.43817	17.45342	26.39979
Organoid280	Batch07	Clone14	Donor06	20.97165	28.7427	25.12611	15.25712	28.68779	21.73182	17.64494	23.68864
Organoid281	Batch07	Clone15	Donor06	21.70999	31.16623	24.34022	15.4767	29.94474	22.60412	17.97128	25.8139
Organoid282	Batch07	Clone20	Donor08	21.51432	27.81516	30.22956	15.07647	31.06481	28.54676	19.71851	29.5912
Organoid283	Batch07	Clone21	Donor08	22.28179	30.67638	26.93172	15.90214	29.87506	28.73746	19.54774	30.70185
Organoid284	Batch07	Clone16	Donor07	22.58958	29.51387	28.55675	16.65458	30.80846	31.99259	21.84027	35.09025
Organoid285	Batch07	Clone17	Donor07	21.47887	28.98678	28.25708	15.79498	27.75876	29.15386	22.33026	32.76651
Organoid286	Batch07	Clone18	Donor07	21.4502	28.99151	28.37882	15.33952	29.82571	30.5676	20.56566	31.63298
Organoid287	Batch07	Clone07	Donor02	22.26654	32.35717	18.37996	16.13063	30.71132	28.79411	18.37913	33.13196
Organoid288	Batch07	Clone08	Donor03	21.55005	29.32091	26.91135	15.59401	28.5572	22.89545	16.77341	24.62175
Organoid289	Batch07	Clone09	Donor04	22.27204	26.38775	26.7909	15.52586	29.18941	22.4011	18.92216	23.00112
Organoid290	Batch08	Clone28	Donor11	21.49382	33.67667	29.7666	14.87105	32.53971	34.93476	20.04719	36.62887
Organoid291	Batch08	Clone29	Donor11	21.55168	28.90207	27.28838	14.49054	29.57067	26.54437	19.75425	27.6145
Organoid292	Batch08	Clone30	Donor11	21.53333	31.35173	30.24385	14.72644	33.85945	34.49976	18.7185	37.144615
Organoid293	Batch08	Clone26	Donor10	21.59188	32.28229	29.38523	15.08454	30.82244	33.3952	18.96673	35.24077
Organoid294	Batch08	Clone27	Donor10	21.77395	32.67713	30.44367	14.89649	31.98684	37.472825	18.84814	36.96496
Organoid295	Batch08	Clone22	Donor09	22.13491	27.79869	20.27478	15.21789	30.56351	27.7825	17.47996	28.05679
Organoid296	Batch08	Clone23	Donor09	21.44148	26.67746	18.74329	14.43548	28.40991	24.37951	16.86732	26.84047
Organoid297	Batch08	Clone24	Donor09	22.3529	31.596485	18.46958	15.73288	30.54394	29.34902	17.69612	34.21486
Organoid298	Batch08	Clone49	Donor16	21.64946	29.34527	28.38312	15.15287	28.83836	22.47167	16.78589	23.79316
Organoid299	Batch08	Clone07	Donor02	22.33935	30.51293	17.50698	15.92619	33.68202	30.41415	18.73857	33.3064
Organoid300	Batch08	Clone08	Donor03	21.84171	30.35234	29.64678	15.40953	29.52816	23.61313	17.40521	24.06886
Organoid301	Batch08	Clone09	Donor04	21.73043	26.31834	27.22189	14.76908	29.90392	23.41437	20.37901	23.00377
Organoid302	Batch08	Clone28	Donor11	21.50944	32.21909	29.8551	14.9115	33.95174	32.86297	19.44703	34.76005
Organoid303	Batch08	Clone29	Donor11	21.35561	26.13627	27.45742	14.30392	29.84045	25.836	18.96351	25.68008
Organoid304	Batch08	Clone30	Donor11	21.44956	27.90787	27.05769	14.55632	29.57102	26.62379	19.29465	28.34554
Organoid305	Batch08	Clone26	Donor10	21.9927	31.33146	29.19793	15.4009	31.8012	32.98198	19.23919	34.189525
Organoid306	Batch08	Clone27	Donor10	21.85018	28.54244	29.70805	14.76853	32.73375	28.76991	19.10248	30.36869
Organoid307	Batch08	Clone22	Donor09	21.94342	28.99668	19.46844	15.16456	30.13542	27.25301	17.62646	30.58787
Organoid308	Batch08	Clone23	Donor09	21.28967	27.61807	18.22481	14.1159	28.55242	24.62402	17.06639	28.1633
Organoid309	Batch08	Clone24	Donor09	22.57317	32.13183	18.25843	16.35681	31.34976	31.44976	18.44097	36.384150000000005
Organoid310	Batch08	Clone49	Donor16	21.3028	29.52676	26.06406	14.84024	28.41973	21.67723	16.52399	23.55568
Organoid311	Batch08	Clone07	Donor02	22.11767	31.19514	17.34782	15.56377	32.34214	29.63667	18.20154	33.95598
Organoid312	Batch08	Clone08	Donor03	21.77294	30.31571	26.42006	15.32939	29.48299	23.49098	16.95063	24.29221
Organoid313	Batch08	Clone09	Donor04	21.7251	26.28276	27.93496	14.69304	29.86749	22.9971	19.60295	22.96931
Organoid314	Batch08	Clone28	Donor11	21.46433	32.28507	28.86666	14.88028	32.73561	33.82135	19.37964	34.84467
Organoid315	Batch08	Clone29	Donor11	21.50203	28.25299	26.22898	14.55873	28.86742	25.28062	20.08646	27.28947
Organoid316	Batch08	Clone30	Donor11	21.91708	32.76291	30.64797	14.94131	33.96462	36.608369999999994	19.45717	35.37432
Organoid317	Batch08	Clone26	Donor10	21.86587	31.90676	27.38694	15.27724	30.63539	28.88755	19.02679	30.85099
Organoid318	Batch08	Clone27	Donor10	22.01751	35.03114	30.70799	15.14858	32.63994	34.89777	18.94629	35.43415
Organoid319	Batch08	Clone22	Donor09	21.83139	27.12583	19.90592	14.98961	30.14791	27.24356	17.3545	27.55551
Organoid320	Batch08	Clone23	Donor09	21.2101	28.82692	18.16807	14.1353	28.15427	24.26122	16.80027	28.53797
Organoid321	Batch08	Clone24	Donor09	22.45684	31.67819	17.98343	16.18534	31.32116	31.12604	18.14701	34.721900000000005
Organoid322	Batch08	Clone49	Donor16	22.10019	29.96223	28.80011	15.19606	29.9086	22.66823	17.15015	23.49844
Organoid323	Batch08	Clone07	Donor02	22.36123	30.78489	17.63286	16.04124	32.6472	30.0147	18.23289	31.68243
Organoid324	Batch08	Clone08	Donor03	22.06547	29.53023	28.16612	15.32305	29.86192	23.60483	17.17467	24.40135
Organoid325	Batch08	Clone09	Donor04	21.92082	26.655075	27.85369	14.78111	30.35935	26.197425000000003	19.555970000000002	22.96673
Organoid326	Batch09	Clone50	Donor17	22.21916	32.28112	18.7307	15.32581	30.74006	25.8198	16.84556	28.83066
Organoid327	Batch09	Clone52	Donor18	21.95573	32.36536	20.08683	15.11801	28.63754	25.24462	16.0095	27.94531
Organoid328	Batch09	Clone53	Donor18	22.50337	31.12613	29.16852	15.82926	31.6129	31.92017	21.71012	34.07965
Organoid329	Batch09	Clone43	Donor14	21.8453	32.45813	30.07066	15.19014	33.54576	36.3501	20.30562	38.43384
Organoid330	Batch09	Clone10	Donor05	21.89971	27.94187	28.98133	15.69246	28.112	26.58083	24.58041	27.32345
Organoid331	Batch09	Clone11	Donor05	21.79439	30.70485	22.12028	14.9753	30.42447	23.31103	16.52332	25.192
Organoid332	Batch09	Clone12	Donor05	21.61999	27.99121	24.52908	14.76552	28.82037	23.95532	20.61022	25.71641
Organoid333	Batch09	Clone56	Donor19	22.49303	32.64404	20.26522	15.83737	30.1975	27.24295	19.37612	33.26337
Organoid334	Batch09	Clone57	Donor20	22.22546	32.23758	23.26986	15.98658	30.8652	22.84593	18.58233	25.49098
Organoid335	Batch09	Clone50	Donor17	21.90276	32.00659	18.84335	15.26376	30.18535	25.51508	16.55301	28.79871
Organoid336	Batch09	Clone52	Donor18	21.67122	32.98645	20.8747	15.0854	28.84394	23.5929	16.48546	26.71414
Organoid337	Batch09	Clone53	Donor18	22.00956	31.07901	30.00579	15.71985	30.97361	30.50612	20.1674	37.06349
Organoid338	Batch09	Clone39	Donor14	21.88085	31.66605	29.82503	15.63526	33.82046	32.27597	20.22582	36.484390000000005
Organoid339	Batch09	Clone43	Donor14	21.64852	32.495775	29.92831	15.13518	33.52722	33.52512	20.16402	33.85061
Organoid340	Batch09	Clone10	Donor05	21.80675	28.92108	28.77449	15.42463	29.11403	30.83423	25.94451	31.35177
Organoid341	Batch09	Clone11	Donor05	21.80569	32.02659	20.32289	14.99329	29.45956	24.21981	15.91141	27.36966
Organoid342	Batch09	Clone12	Donor05	21.64115	28.16687	24.73658	14.75774	28.62158	24.58069	21.02645	25.93302
Organoid343	Batch09	Clone57	Donor20	21.71952	31.19558	22.6285	15.57148	31.10473	22.51723	17.98434	23.90545
Organoid344	Batch09	Clone50	Donor17	21.83276	30.55626	18.82351	14.92079	29.77775	24.58485	16.30189	28.35598
Organoid345	Batch09	Clone51	Donor18	22.05936	31.80811	19.33176	15.05471	31.26807	24.35019	16.65163	26.66385
Organoid346	Batch09	Clone52	Donor18	21.96383	31.87655	20.16634	15.01032	28.11457	25.12135	15.94909	28.25183
Organoid347	Batch09	Clone39	Donor14	21.82883	32.38792	29.66737	15.53734	32.40227	32.57804	20.21294	34.9413
Organoid348	Batch09	Clone43	Donor14	21.7044	32.392984999999996	30.18967	14.7948	34.81891	34.23677	20.29424	34.98742
Organoid349	Batch09	Clone10	Donor05	21.96979	29.01177	28.95437	15.59465	28.57506	26.69193	25.67574	27.44694
Organoid350	Batch09	Clone12	Donor05	21.8097	29.05089	24.89826	15.01718	28.8814	25.80556	22.17619	27.40657
Organoid351	Batch09	Clone56	Donor19	21.91555	29.51656	18.18994	15.06263	30.84464	26.75548	17.74921	28.79765
Organoid352	Batch09	Clone57	Donor20	21.62809	31.1316	24.63789	15.07529	31.19844	22.57769	18.30458	24.01106
Organoid353	Batch10	Clone07	Donor02	22.43639	33.3925	18.54089	16.49752	31.23489	28.25045	18.10379	34.25252
Organoid354	Batch10	Clone08	Donor03	22.71829	32.561	26.55212	16.82666	29.39457	24.32824	17.54347	24.96802
Organoid355	Batch10	Clone14	Donor06	22.44875	28.66305	21.45637	16.35979	29.15851	25.23874	16.99393	25.95053
Organoid356	Batch10	Clone21	Donor08	22.49404	28.84137	29.00536	16.6766	31.82866	29.44634	20.49236	29.91176
Organoid357	Batch10	Clone17	Donor07	22.39542	25.39687	28.73336	15.80363	29.67142	23.54512	18.97274	23.2489
Organoid358	Batch10	Clone49	Donor16	22.45293	30.53092	24.55556	16.52109	30.20257	25.21926	17.68335	25.00418
Organoid359	Batch10	Clone57	Donor20	22.97872	32.51662	22.10202	16.98772	31.91991	23.75547	17.845	26.28953
Organoid360	Batch10	Clone07	Donor02	22.43477	32.96069	18.65645	16.82462	32.87406	28.94727	18.23125	34.98577
Organoid361	Batch10	Clone08	Donor03	22.79773	30.33915	30.34553	16.92074	30.43556	24.16275	17.9035	24.20519
Organoid362	Batch10	Clone09	Donor04	22.28282	30.22839	27.93818	16.09069	26.68434	30.25495	24.41108	33.49604
Organoid363	Batch10	Clone19	Donor08	22.20924	25.67442	19.28037	16.23023	30.70436	26.73683	17.82216	27.07875
Organoid364	Batch10	Clone13	Donor06	22.68903	31.74221	19.48213	16.29877	31.18043	28.25747	19.32134	31.62835
Organoid365	Batch10	Clone14	Donor06	22.44924	27.13255	21.5445	16.3553	29.12263	26.3321	17.12163	25.93343
Organoid366	Batch10	Clone15	Donor06	22.36615	31.23506	24.67442	16.07245	31.32795	24.88336	17.66607	24.28957
Organoid367	Batch10	Clone20	Donor08	22.44622	31.02301	31.32345	16.37344	30.83361	33.76822	18.97494	36.68901
Organoid368	Batch10	Clone17	Donor07	21.70164	24.7675	29.10963	14.91013	29.34112	21.61539	17.77629	21.84228
Organoid369	Batch10	Clone56	Donor19	21.88593	34.938675	17.99324	15.57585	29.83603	27.60262	18.51133	34.7878
Organoid370	Batch10	Clone57	Donor20	22.41868	31.76082	22.28167	16.41479	31.31314	23.72105	17.75763	25.02422
Organoid371	Batch10	Clone08	Donor03	23.56197	32.18531	24.6847	17.35887	32.16715	26.4093	18.151	27.15262
Organoid372	Batch10	Clone17	Donor07	21.42309	24.53033	28.26919	14.70643	28.91653	21.43704	17.70739	21.65138
Organoid373	Batch11	Clone34	Donor13	23.37074	31.25495	24.11391	16.99322	36.45275	27.6409	21.2066	31.17513
Organoid374	Batch11	Clone41	Donor14	23.98672	31.58235	31.10401	18.2266	34.69613	36.064189999999996	21.27924	39.73069
Organoid375	Batch11	Clone34	Donor13	23.35938	33.55072	24.48956	17.08996	36.92463	27.5541	20.6849	30.81282
Organoid376	Batch11	Clone40	Donor14	23.79547	33.04578	31.09603	18.23211	39.05905	39.22958	22.79094	35.92963
Organoid377	Batch11	Clone01	Donor01	22.93508	31.48598	31.10472	16.64772	36.50525	38.129205	20.00183	38.28951
Organoid378	Batch11	Clone34	Donor13	22.97946	30.35165	24.62122	16.60691	35.9816	27.62387	20.91306	30.81997
Organoid379	Batch12	Clone19	Donor08	21.59544	28.97106	22.19978	14.90271	29.21732	25.17297	17.93087	24.75304
Organoid380	Batch12	Clone20	Donor08	21.59151	30.93656	30.4846	14.51143	35.04845	33.82519	18.88757	37.22723
Organoid381	Batch12	Clone21	Donor08	21.96537	31.64736	27.97505	15.62444	29.93721	30.30895	19.00475	32.85471
Organoid382	Batch12	Clone29	Donor11	21.87152	33.14119	31.43506	14.79619	31.97051	33.17882	19.48642	36.73885
Organoid383	Batch12	Clone30	Donor11	21.75808	32.11737	31.34038	14.54295	34.38839	33.48307	18.83835	34.60076
Organoid384	Batch12	Clone26	Donor10	21.73197	31.61998	30.69995	14.69364	32.0076	32.58876	18.66055	33.70555
Organoid385	Batch12	Clone27	Donor10	21.45207	31.47558	30.8429	14.40648	29.80835	31.91521	17.30185	36.13966
Organoid386	Batch12	Clone57	Donor20	21.34818	30.53864	28.88569	14.33781	30.91217	22.56849	18.43564	23.98621
Organoid387	Batch12	Clone07	Donor02	21.6109	31.87173	19.31808	15.2792	31.14502	26.7757	17.578	31.31632
Organoid388	Batch12	Clone08	Donor03	21.69412	28.99106	27.75988	15.11481	29.58547	23.2227	17.31581	23.43739
Organoid389	Batch12	Clone09	Donor04	21.45195	27.6268	25.51639	14.58591	28.31051	25.31233	21.37732	26.63648
Organoid390	Batch12	Clone28	Donor11	21.61983	31.90086	30.09557	14.78481	31.3329	33.53316	19.96807	34.70314
Organoid391	Batch12	Clone19	Donor08	21.37376	29.17917	21.59275	14.57373	29.73624	25.80614	16.94402	25.58756
Organoid392	Batch12	Clone20	Donor08	21.1952	28.56198	29.23162	14.70297	26.82755	31.35031	20.91807	33.55678
Organoid393	Batch12	Clone21	Donor08	21.61525	29.14901	26.08652	15.04743	29.41521	27.23808	19.25598	28.60582
Organoid394	Batch12	Clone29	Donor11	21.74587	31.22837	31.15143	14.6913	32.56334	33.69799	19.24415	35.80491
Organoid395	Batch12	Clone26	Donor10	21.67025	30.79304	30.16218	14.92315	30.94246	30.90313	18.66028	35.47345
Organoid396	Batch12	Clone27	Donor10	21.40324	30.30582	29.76843	14.40313	29.12543	31.7426	17.39734	31.90516
Organoid397	Batch12	Clone57	Donor20	21.22373	31.18601	28.12985	14.18667	30.76745	22.54823	18.29834	23.26281
Organoid398	Batch12	Clone07	Donor02	21.74856	31.66736	17.28567	15.40866	31.12362	28.02216	17.85729	31.19304
Organoid399	Batch12	Clone08	Donor03	21.88337	29.65775	27.73009	15.31498	30.12004	23.14375	17.36728	23.45197
Organoid400	Batch12	Clone28	Donor11	21.49404	31.73224	29.75915	14.44753	30.4428	38.04951	19.89934	33.666705
Organoid401	Batch12	Clone19	Donor08	21.3497	28.73735	24.45075	14.63023	28.81105	25.1049	19.11525	25.31656
Organoid402	Batch12	Clone20	Donor08	21.78128	30.17938	29.7739	14.88349	32.3203	28.4044	19.56633	28.7702
Organoid403	Batch12	Clone21	Donor08	21.61479	29.37764	26.27662	15.43678	29.68446	27.10491	19.19252	28.66393
Organoid404	Batch12	Clone29	Donor11	21.8231	31.00238	30.75249	14.63929	31.94676	29.48251	19.35879	31.82282
Organoid405	Batch12	Clone26	Donor10	21.50825	32.13548	30.43904	14.38803	31.65055	31.99908	18.41946	33.80927
Organoid406	Batch12	Clone27	Donor10	21.3751	30.73381	30.16839	14.45343	29.41342	32.65218	17.39343	35.31044
Organoid407	Batch12	Clone57	Donor20	21.79218	30.02356	28.99563	14.99077	31.34909	22.77635	19.01292	24.3457
Organoid408	Batch12	Clone07	Donor02	21.67343	31.62355	18.32558	15.36395	31.57621	27.39436	17.37434	29.56473
Organoid409	Batch12	Clone08	Donor03	21.94396	29.56617	27.40307	15.36767	30.31443	23.25137	17.08169	23.90038
Organoid410	Batch13	Clone57	Donor20	21.85961	31.58301	30.51143	14.8584	31.52507	23.99941	20.33163	25.51139
Organoid411	Batch13	Clone39	Donor14	21.48191	32.1627	29.46756	14.67294	31.28336	32.46373	19.87428	34.70878
Organoid412	Batch13	Clone44	Donor15	21.83207	28.77291	29.73859	15.48082	28.58158	32.69724	23.59536	33.27528
Organoid413	Batch13	Clone42	Donor14	21.57659	33.78677	29.77829	14.59989	33.90337	34.50916	19.76288	35.344015
Organoid414	Batch13	Clone46	Donor15	22.34961	29.6442	30.26663	16.18232	28.9723	33.14048	25.96053	35.44961
Organoid415	Batch13	Clone48	Donor15	21.68458	28.63583	29.36915	15.34119	28.18034	32.96725	25.44648	32.47414
Organoid416	Batch13	Clone02	Donor01	21.63263	28.96211	29.46746	15.20187	29.28626	30.55732	25.51513	31.75086
Organoid417	Batch13	Clone03	Donor01	22.31933	28.30658	28.89462	16.01416	28.77498	33.28238	24.85258	34.38711
Organoid418	Batch13	Clone06	Donor01	21.9384	28.8415	29.19922	15.86662	27.89433	30.23516	26.15665	31.42806
Organoid419	Batch13	Clone56	Donor19	21.44948	26.08776	23.97358	14.59547	28.76565	22.61803	18.71291	22.78948
Organoid420	Batch13	Clone57	Donor20	21.57253	30.53217	29.51952	14.81401	31.15124	23.25147	19.4461	24.30397
Organoid421	Batch13	Clone39	Donor14	21.6736	32.26646	30.24322	15.04971	31.94185	32.5428	20.14179	34.82992
Organoid422	Batch13	Clone44	Donor15	21.91898	31.07966	29.9148	15.36334	30.87802	32.68386	19.78069	34.715235
Organoid423	Batch13	Clone41	Donor14	21.95164	31.9932	30.92812	15.10242	32.19562	35.27808	19.61071	34.61385
Organoid424	Batch13	Clone46	Donor15	22.0981	29.02654	30.28284	15.62824	28.92725	33.00246	25.32582	34.41293
Organoid425	Batch13	Clone48	Donor15	21.19927	28.82423	29.19703	15.00631	27.95044	36.7628	21.68509	32.18126
Organoid426	Batch13	Clone02	Donor01	21.69569	28.55793	29.41086	15.56692	28.91037	31.0864	26.81578	32.94808
Organoid427	Batch13	Clone03	Donor01	21.68391	28.08563	28.82727	15.51397	27.80518	31.90991	24.38792	33.26936
Organoid428	Batch13	Clone06	Donor01	21.78555	28.07575	28.10346	15.60785	27.89947	27.95283	23.36523	29.89995
Organoid429	Batch13	Clone56	Donor19	21.38447	25.70281	25.47086	14.25262	28.49912	23.12523	19.26744	22.89542
Organoid430	Batch13	Clone57	Donor20	21.29639	30.65733	28.95071	14.29981	30.60077	22.49581	18.71463	24.08525
Organoid431	Batch13	Clone39	Donor14	21.47129	31.99858	29.88685	14.74405	32.73846	33.42893	20.01864	35.22562
Organoid432	Batch13	Clone44	Donor15	21.7158	31.73937	29.58647	15.01731	30.81364	33.61951	19.21747	35.00423
Organoid433	Batch13	Clone41	Donor14	21.83114	33.09851	30.47588	15.13735	32.39046	33.49491	19.763	34.69608
Organoid434	Batch13	Clone42	Donor14	21.58104	31.42104	29.57211	14.71498	31.5673	33.22274	19.48841	35.025670000000005
Organoid435	Batch13	Clone47	Donor15	21.79953	27.76172	28.92688	15.07986	27.30308	33.22086	21.62064	33.806659999999994
Organoid436	Batch13	Clone06	Donor01	22.43703	28.61687	29.02332	16.3614	28.8073	30.63219	23.97153	32.49741
Organoid437	Batch13	Clone56	Donor19	21.5375	28.38755	22.32203	14.44567	27.99052	23.61459	17.79164	23.51041
Organoid438	Batch14	Clone32	Donor13	21.90745	34.02779	28.22868	15.08102	29.7189	23.61931	18.39719	24.98552
Organoid439	Batch14	Clone37	Donor13	21.70579	26.19296	28.57824	14.08808	28.8451	23.00648	20.81743	24.27903
Organoid440	Batch14	Clone46	Donor15	22.54255	29.77143	31.11273	15.64533	28.91487	31.57975	27.6516	38.665055
Organoid441	Batch14	Clone56	Donor19	21.77084	27.44326	29.18967	14.61461	28.24383	27.98928	23.37464	33.37917
Organoid442	Batch14	Clone50	Donor17	21.67032	25.71146	29.86774	15.0389	30.36775	23.07864	21.5202	22.80338
Organoid443	Batch14	Clone58	Donor21	21.40278	28.52409	21.58512	14.21675	30.31554	22.49694	17.08785	23.50161
Organoid444	Batch14	Clone32	Donor13	21.54226	32.4823	25.18083	14.74691	28.97262	23.21804	17.56852	24.00704
Organoid445	Batch14	Clone37	Donor13	21.93707	26.55346	29.37471	14.45514	29.06806	23.34704	20.91821	24.46967
Organoid446	Batch14	Clone45	Donor15	22.3625	32.664055000000005	30.90984	15.01131	33.52467	35.30913	19.1201	36.7085
Organoid447	Batch14	Clone31	Donor12	21.5329	29.99088	30.42511	15.14076	29.16915	22.54431	17.2025	22.84748
Organoid448	Batch14	Clone50	Donor17	21.66278	25.11573	29.83289	14.74563	30.32309	22.68397	20.61637	22.88834
Organoid449	Batch14	Clone58	Donor21	21.7041	28.20175	22.77128	14.74592	29.98661	22.61595	17.46508	23.15311
Organoid450	Batch14	Clone37	Donor13	21.94144	26.6022	27.79058	14.54773	28.44084	23.161	20.67669	24.60503
Organoid451	Batch14	Clone31	Donor12	21.93597	28.80187	30.52097	15.1874	30.74068	23.00594	17.46554	22.79278
Organoid452	Batch14	Clone56	Donor19	21.91109	27.19325	30.31944	14.54343	28.24712	28.65913	30.74339	33.62183
Organoid453	Batch14	Clone50	Donor17	21.39111	25.3077	29.73764	14.3895	30.1993	22.28293	20.19256	22.43448
Organoid454	Batch14	Clone58	Donor21	22.10088	29.34843	22.17549	15.10388	29.76174	23.43607	16.80747	23.90001
Organoid455	Batch15	Clone31	Donor12	22.60063	29.09475	29.47925	15.90093	31.25071	24.23311	17.5613	23.45836
Organoid456	Batch15	Clone49	Donor16	22.7176	30.30331	30.42506	16.28076	30.92496	24.45669	18.71434	24.3835
Organoid457	Batch15	Clone57	Donor20	22.69844	31.88391	21.75592	16.1702	31.29701	23.88075	17.52991	25.13079
Organoid458	Batch15	Clone33	Donor13	23.17566	31.72782	18.56078	16.64538	30.58198	26.62915	19.29384	32.67634
Organoid459	Batch15	Clone37	Donor13	22.51287	29.07985	24.41225	14.96134	28.58473	24.19117	19.56011	25.59272
Organoid460	Batch15	Clone40	Donor14	22.92168	32.99662	30.52541	16.11609	36.96685	33.665135	21.57124	36.048514999999995
Organoid461	Batch15	Clone43	Donor14	22.26443	32.37292	30.80057	15.47033	32.95042	32.26048	20.85386	35.250434999999996
Organoid462	Batch15	Clone10	Donor05	22.49199	34.01746	30.62503	15.44155	36.83195	34.69905	19.71131	33.9315
Organoid463	Batch15	Clone12	Donor05	22.41922	32.77	30.64964	15.60094	37.30639	39.05911	22.41754	33.80993
Organoid464	Batch15	Clone02	Donor01	23.6704	31.66621	30.60658	17.46255	32.24756	32.18008	20.61999	39.11437
Organoid465	Batch15	Clone31	Donor12	22.44768	30.29182	28.13925	15.82182	30.58619	23.40451	17.15092	23.78418
Organoid466	Batch15	Clone49	Donor16	22.29636	30.29826	29.95496	15.78079	30.87211	24.47655	18.60983	24.26983
Organoid467	Batch15	Clone56	Donor19	22.25822	31.84821	20.95819	14.86884	29.94925	24.19032	18.21892	32.49972
Organoid468	Batch15	Clone57	Donor20	22.61153	32.3536	24.82316	16.07537	31.83207	22.97145	17.85516	24.41206
Organoid469	Batch15	Clone51	Donor18	22.70575	26.72181	28.86295	16.02117	29.52867	24.33783	21.80385	24.26846
Organoid470	Batch15	Clone37	Donor13	22.69053	29.49578	24.60127	15.35346	28.99646	24.70622	19.93854	25.58869
Organoid471	Batch15	Clone10	Donor05	22.50627	33.82216	29.34804	15.37355	33.35555	29.4176	19.29221	32.40519
Organoid472	Batch15	Clone12	Donor05	22.79334	32.740375	30.20943	16.08353	37.38389	34.56181	23.17983	34.67093
Organoid473	Batch15	Clone01	Donor01	22.81236	31.99434	30.65014	15.98085	36.93034	33.56496	20.07339	38.18859
Organoid474	Batch15	Clone02	Donor01	23.17952	31.03151	30.2258	16.43123	34.3368	30.88208	20.0465	32.14419
Organoid475	Batch15	Clone31	Donor12	23.28542	31.47524	25.34636	16.86027	31.58128	23.79155	17.73729	24.81936
Organoid476	Batch15	Clone56	Donor19	22.56834	33.12643	20.98137	15.11225	30.34516	24.54235	18.2725	32.96349
Organoid477	Batch15	Clone57	Donor20	22.97955	32.42115	21.70352	16.52258	31.61668	23.87278	17.1802	25.97296
Organoid478	Batch15	Clone51	Donor18	23.33462	29.08912	28.87286	16.94081	30.49788	27.7943	24.94092	28.70928
Organoid479	Batch15	Clone54	Donor18	22.87791	30.29382	21.70956	16.18108	29.77006	27.49511	17.74893	27.82865
Organoid480	Batch15	Clone33	Donor13	22.64786	30.59008	17.50384	16.29725	30.86921	25.89024	18.83013	32.07822
Organoid481	Batch15	Clone40	Donor14	22.82929	32.80806	30.06271	16.16567	37.29193	33.90399	21.32387	39.76426
Organoid482	Batch15	Clone43	Donor14	22.31765	33.9453	30.62136	15.86973	34.24192	34.34804	21.05623	34.97611
Organoid483	Batch15	Clone10	Donor05	22.54116	31.20902	29.99542	15.49903	31.7577	29.7669	19.65891	30.46764
Organoid484	Batch15	Clone12	Donor05	22.85431	32.21783	30.33783	16.18644	38.04887	35.60254	23.18217	34.87598
Organoid485	Batch15	Clone01	Donor01	22.26316	31.57878	28.96134	15.22539	32.91819	32.25279	19.53105	33.294354999999996
